<?xml version="1.0" encoding="UTF-8"?>
<project-private xmlns="http://www.netbeans.org/ns/project-private/1">
    <editor-bookmarks xmlns="http://www.netbeans.org/ns/editor-bookmarks/2" lastBookmarkId="0"/>
    <open-files xmlns="http://www.netbeans.org/ns/projectui-open-files/2">
        <group>
            <file>file:/C:/Users/edgar/OneDrive/Escritorio/Proyecto1SistemasOperativos1/src/proyecto1sopes1/memoriaEstructura.java</file>
            <file>file:/C:/Users/edgar/OneDrive/Escritorio/Proyecto1SistemasOperativos1/src/proyecto1sopes1/proceso.java</file>
            <file>file:/C:/Users/edgar/OneDrive/Escritorio/Proyecto1SistemasOperativos1/src/proyecto1sopes1/Proyecto1Sopes1.java</file>
            <file>file:/C:/Users/edgar/OneDrive/Escritorio/Proyecto1SistemasOperativos1/src/proyecto1sopes1/VentanaAplicacion.java</file>
        </group>
    </open-files>
</project-private>
